en-US:
  STR_OPENXCOM: "Terrain Pack"
  # ALIENDEPLOYMENTS
  STR_ALIEN_BASE_ASSAULT_COLONY: "ALIEN BASE ASSAULT COLONY"
  STR_ALIEN_BASE_ASSAULT_COLONY_FOREST: "ALIEN BASE ASSAULT COLONY (FOREST)"
  STR_ALIEN_BASE_ASSAULT_COLONY_GRASSLAND: "ALIEN BASE ASSAULT COLONY (GRASSLAND)"
  STR_ALIEN_BASE_ASSAULT_COLONY_STEPPE: "ALIEN BASE ASSAULT COLONY (STEPPE)"
  STR_ALIEN_BASE_ASSAULT_COLONY_TAIGA: "ALIEN BASE ASSAULT COLONY (TAIGA)"
  STR_ALIEN_BASE_ASSAULT_HIVE: "ALIEN BASE ASSAULT (HIVE)"
  STR_TERROR_MISSION_AIRFIELD: "TERROR MISSION (AIRFIELD)"
  STR_TERROR_MISSION_DOCKS: "TERROR MISSION (DOCKS)"
  STR_TERROR_MISSION_BIG_CITY: "TERROR MISSION (LARGE CITY)"
  STR_TERROR_MISSION_FACILITY: "TERROR MISSION (FACILITY)"
  STR_TERROR_MISSION_ISLAND: "TERROR MISSION (ISLAND)"
  STR_TERROR_MISSION_OUTPOST: "TERROR MISSION (OUTPOST)"
  STR_TERROR_MISSION_POLAR: "TERROR MISSION (POLAR)"
  STR_TERROR_MISSION_POLIS: "TERROR MISSION (POLIS)"
  STR_TERROR_MISSION_PORT: "TERROR MISSION (PORT)"
  STR_TERROR_MISSION_SHIP: "TERROR MISSION (SHIP)"
  STR_TERROR_MISSION_SLUM: "TERROR MISSION (SLUMS)"
  STR_TERROR_MISSION_SNOW: "TERROR MISSION (SNOW)"
  STR_TERROR_MISSION_TROPICAL: "TERROR MISSION (TROPICAL)"
  # COUNTRIES
  STR_MEXICO: "MEXICO"
  STR_ARGENTINA: "ARGENTINA"
  STR_PAKISTAN: "PAKISTAN"
  STR_NEW_ZEALAND: "NEW ZEALAND"
  # REGIONS
  STR_NORTH_PACIFIC: "North Pacific"
  STR_SOUTH_PACIFIC: "South Pacific"
  ## NORTH AMERICA CITIES
  STR_DENVER: "Denver"
  STR_MIAMI: "Miami"
  STR_TORONTO: "Toronto"
  STR_CHIHUAHUA: "Chihuahua"
  STR_JAMAICA: "Jamaica"
  STR_BOSTON: "Boston"
  STR_MANAGUA: "Managua"
  STR_SANFRANCISCO: "San Francisco"
  STR_SEATTLE: "Seattle"
  ## ARCTIC CITIES
  STR_TIKSI: "Tiksi"
  STR_KAUJUITOQ: "Kaujuitoq"
  STR_SVALBARD: "Svalbard"
  STR_BARROW: "Barrow"
  ## ANTARCTIC CITIES
  STR_VOSTOK: "Vostok"
  STR_AMUNDSEN: "Amundsen-Scott"
  STR_MCMURDO: "McMurdo"
  STR_BELLINGSHAUSEN: "Bellingshausen"
  ## SOUTH AMERICA CITIES
  STR_CAYENNE: "Cayenne"
  STR_MANAUS: "Manaus"
  STR_PANAMA: "Panama" 
  ## EUROPE CITIES
  STR_LISBON: "Lisbon"
  STR_ATHENS: "Athens"
  STR_WARSAW: "Warsaw"
  STR_LENINGRAD: "St. Petersburg"
  STR_ARCHANGEL: "Arkhangelsk"
  STR_BAKU: "Baku"
  STR_OSLO: "Oslo"
  STR_REYKJAVIK: "Reykjavik"
  STR_GENEVA: "Geneva"
  ## SIBERIA CITIES
  STR_YEKATERINBURG: "Yekaterinburg"
  STR_IRKUTSK: "Irkutsk"
  STR_ANADYR: "Anadyr"
  STR_YAKUTSK: "Yakutsk"
  STR_CHEYLABINSK: "Cheylabinsk"
  STR_VORKUTA: "Vorkuta"
  STR_MAGADAN: "Magadan"
  STR_PETROPAVLOVSK: "Petropavlovsk"
  STR_KHABAROVSK: "Khabarovsk"
  ## NORTH AFRICA CITIES
  STR_KHARTOUM: "Khartoum"
  STR_ALGIERS: "Algiers"
  STR_DAKAR: "Dakar"
  STR_ASWAN: "Aswan"
  STR_TUNIS: "Tunis"
  STR_GAO: "Gao"
  STR_TRIPOLI: "Tripoli"
  STR_CANARY_ISLANDS: "Canary Islands"
  STR_BEIRUT: "Beirut"
  ## SOUTH AFRICA CITIES
  STR_FREETOWN: "Freetown"
  STR_ANTANANARIVO: "Antananarivo"
  STR_WINDHOEK: "Windhoek"
  STR_KIGALI: "Kigali"
  ## CENTRAL ASIA CITIES
  STR_TASHKENT: "Tashkent"
  STR_KABUL: "Kabul"
  STR_DUBAI: "Dubai"
  STR_RIYADH: "Riyadh"
  STR_URUMQI: "Urumqi"
  STR_SRI_LANKA: "Sri Lanka"
  ## AUSTRALASIA CITIES
  STR_PORTMORESBY: "Port Moresby"
  STR_FIJI: "Fiji"
  STR_NOUMEA: "Noumea"
  STR_TASMANIA: "Tasmania"
  STR_SAMARINDA: "Samarinda"
  ## SOUTH EAST ASIA CITIES
  STR_VLADIVOSTOK: "Vladivostok"
  STR_ULANBATOR: "Ulan Bator"
  STR_HANOI: "Hanoi"
  STR_NAGASAKI: "Nagasaki"
  STR_CHENGDU: "Chengdu"
  ## ATLANTIC/PACIFIC/INDIAN CITIES
  STR_ANCHORAGE: "Anchorage"
  STR_GUAM: "Guam"
  STR_KURIL_ISLANDS: "Kuril Islands"
  STR_STLAWRENCE_ISLAND: "St. Lawrence"
  STR_MIDWAY_ISLAND: "Midway Island"
  STR_HAWAII: "Hawaii"
  STR_BERMUDA: "Bermuda"
  STR_KIRIBATI: "Kiribati"
  STR_PITCAIRN: "Pitcairn"
  STR_REUNION: "Reunion"
  STR_NAURU: "Nauru"
  STR_EASTER_ISLAND: "Easter Island"
  STR_GALAPAGOS_ISLAND: "Galapagos Island"
  STR_SAMOA: "Samoa"
  STR_NUUK: "Nuuk"
  STR_STJOHN: "St. John's"
  STR_AZORES: "Azores"
  STR_FAROE_ISLAND: "Faroe Islands"
  STR_ASCENSION_ISLAND: "Ascension Island"
  STR_TRINDADE_ISLAND: "Trindade Island"
  STR_SAINT_HELENA: "Saint Helena"
  STR_TRISTAN: "Tristan"
  STR_SOUTH_GEORGIA: "South Georgia"
  STR_FALKLAND_ISLAND: "Falkland Island"
  STR_COCOS_ISLANDS: "Cocos Islands"
  STR_SEYCHELLES_ISLAND: "Seychelles Island"
  STR_MALDIVE_ISLAND: "Maldive Island"
  STR_DIEGO_GARCIA: "Diego Garcia"
  STR_MAURITIUS: "Mauritius"
  # NEW TERRAINS
  MAP_AIRFIELD1: "UFO2000 Airfield 1"
  MAP_AIRFIELD2: "UFO2000 Airfield 2"
  MAP_AIRFIELD3: "UFO2000 Airfield 3"
  MAP_AIRFIELD4: "UFO2000 Airfield 4"
  MAP_AIRFIELD5: "UFO2000 Airfield 5"
  MAP_AIRFIELD6: "UFO2000 Airfield 6"
  MAP_AIRFIELD7: "UFO2000 Airfield 7"
  MAP_AIRFIELD8: "UFO2000 Airfield 8"
  MAP_ALIENCOLONY: "Alien Colony"
  MAP_ALIENCOLONY_F: "Alien Colony (Forest)"
  MAP_ALIENCOLONY_G: "Alien Colony (Grassland)"
  MAP_ALIENCOLONY_S: "Alien Colony (Steppe)"
  MAP_ALIENCOLONY_T: "Alien Colony (Taiga)"
  MAP_ALIENHIVE: "Alien Hive"
  MAP_APARTMENT: "City/Apartment"
  MAP_AREA51: "Area 51"
  MAP_AREA51_FORT: "Area 51 Fort"
  MAP_COLDISLE: "Cold Isle"
  MAP_COMMERCIAL: "Commercial"
  MAP_CULTA_FARMA: "Modified Farm A"
  MAP_CULTA_FARMB: "Modified Farm B"
  MAP_DAWNCITY : "UFO2000 Dawn City" 
  MAP_DAWNCITY_URBANA : "UFO2000 Dawn City A"
  MAP_DAWNCITY_URBANB : "UFO2000 Dawn City B"
  MAP_DESERT_GRASSLAND: "Grassland Desert"
  MAP_DESERT_POLAR: "Polar Desert"
  MAP_DESERT_SAVANNA: "Savanna Desert"
  MAP_DESERT_STEPPE: "Steppe Desert"
  MAP_DESERT_TAIGA: "Taiga Desert"
  MAP_DESERT_TUNDRA: "Tundra Desert"
  MAP_DESERT_MOUNT: "Desert Mountain"
  MAP_DESERT_MOUNT_GRASSLAND: "Grassland Desert Mountain"
  MAP_DESERT_MOUNT_POLAR: "Polar Desert Mountain"
  MAP_DESERT_MOUNT_SAVANNA: "Savanna Desert Mountain"
  MAP_DESERT_MOUNT_STEPPE: "Steppe Desert Mountain"
  MAP_DESERT_MOUNT_TAIGA: "Taiga Desert Mountain"
  MAP_DESERT_MOUNT_TUNDRA: "Tundra Desert Mountain"
  MAP_DOWNTOWN: "UFO2000 Downtown"
  MAP_EXPANDEDTERROR: "Expanded Terror"
  MAP_FOREST_GRASSLAND: "Grassland Forest"
  MAP_FOREST_SAVANNA: "Savanna Forest"
  MAP_FOREST_STEPPE: "Steppe Forest"
  MAP_FOREST_TAIGA: "Taiga Forest"
  MAP_FOREST_TUNDRA: "Tundra Forest"
  MAP_FOREST_MOUNT: "Forest Mountain"
  MAP_FOREST_MOUNT_GRASSLAND: "Grassland Forest Mountain"
  MAP_FOREST_MOUNT_SAVANNA: "Savanna Forest Mountain"
  MAP_FOREST_MOUNT_STEPPE: "Steppe Forest Mountain"
  MAP_FOREST_MOUNT_TAIGA: "Taiga Forest Mountain"
  MAP_FOREST_MOUNT_TUNDRA: "Tundra Forest Mountain"
  MAP_FOREST_POLAR: "Swamp Forest"
  MAP_FOREST_POLAR_GRASSLAND: "Swamp Grassland"
  MAP_FOREST_POLAR_SAVANNA: "Swamp Savanna"
  MAP_FOREST_POLAR_STEPPE: "Swamp Steppe"
  MAP_FOREST_POLAR_TAIGA: "Swamp Taiga"
  MAP_FOREST_POLAR_TUNDRA: "Swamp Tundra"
  MAP_INDUSTRIAL: "UFO2000 Industrial"
  MAP_INDUSTRIAL_UFO: "UFO2000 Industrial UFO"
  MAP_JUNGLE_MOUNT: "Jungle Mountain"
  MAP_JUNGLE_POLAR: "Jungle Swamp"
  MAP_MADCITY: "Mad City"
  MAP_MADCITY_SNOW: "Mad City Snow"
  MAP_MADCITY_UFO: "Mad City UFO"  
  MAP_MADCITY_UFO_SNOW: "Mad City UFO Snow"  
  MAP_MOUNT_TUNDRA: "Mountain Tundra"
  MAP_NATIVE: "Native"
  MAP_NATIVE_UFO: "Native UFO"  
  MAP_POLAR_MOUNT: "Polar Mountain"
  MAP_POLIS: "Polis City"
  MAP_RAILYARD: "Railyard"
  MAP_SIBERIA: "Siberia"
  MAP_SLUM: "Slum"
  MAP_STORMMOUNTAIN: "UFO2000 Storm Mountain"
  MAP_TFTD_ATLANT_DESERT: "TFTD Atlantis Desert"
  MAP_TFTD_CARGOSHIP: "TFTD Cargo Ship"
  MAP_TFTD_CARGOSHIP_PORT: "TFTD Cargo Ship + Port"
  MAP_TFTD_ISLAND: "TFTD Island"
  MAP_TFTD_LINER: "TFTD Liner"
  MAP_TFTD_LINER_PORT: "TFTD Liner + Port"  
  MAP_TFTD_MU_JUNGLE: "TFTD Mu Jungle"
  MAP_TFTD_PLANE_DESERT: "TFTD Plane Desert"
  MAP_TFTD_PLANE_POLAR: "TFTD Plane Polar"
  MAP_TFTD_PLANE_TUNDRA: "TFTD Plane Tundra"
  MAP_TFTD_PORT: "TFTD Port"
  MAP_TFTD_PORT_INDUSTRIAL: "Port + Industrial"
  MAP_TFTD_PORT_URBAN: "TFTD Port Expanded"
  #UFOPEDIA  
  STR_MUDRANGER: "MUDRANGER"
  STR_MUDRANGER_UFOPEDIA: "ARMORED PERSONNEL CARRIER (APC). ALTHOUGH IT IS TOO HEAVY TO BE DEPLOYED BY AIRCRAFT IT MAY BE LOCALLY DEPLOYED TO ASSIST XCOM DURING ESCAPE MISSIONS. CARRIES UP TO 24 SOLDIERS."
  
  
  
 
  